{
  "main_last_mtime": 1778075872.8790169,
  "emmy_last_mtime": 1777905872.7531083,
  "finn_last_mtime": 1778024900.2857025,
  "rex_last_mtime": 1778013181.2647293,
  "x_last_mtime": 1778075886.2394707,
  "cody_last_mtime": 1778075691.5498204,
  "reese_last_mtime": 1778024911.638119
}