{"main_jsonl_mtime": 1778077228.1746984, "emmy_jsonl_mtime": 1778077581.4350357, "finn_jsonl_mtime": 1778024900.2857025, "rex_jsonl_mtime": 1778013181.2647293, "x_jsonl_mtime": 1778077686.0612068, "yoyos_jsonl_mtime": 1775537981.287072, "cody_jsonl_mtime": 1778077704.8403277, "dj_jsonl_mtime": 1776767731.169789, "reese_jsonl_mtime": 1778024911.638119, "tt_jsonl_mtime": 1775534649.4868333}